,CNTR_NAME,ISO3,Gas,Component,Year,Data
0,Albania,ALB,CH4,Total,2002,12457856.0
1,Albania,ALB,CH4,Total,2003,12544515.0
2,Albania,ALB,CH4,Total,2004,12291472.0
3,Albania,ALB,CH4,Total,2005,122365.0
4,Albania,ALB,CH4,Total,2006,12104035.0
5,Albania,ALB,CH4,Total,2007,11648205.0
6,Albania,ALB,CH4,Total,2008,11005555.0
7,Albania,ALB,CH4,Total,2009,10592838.0
8,Albania,ALB,CH4,Total,2010,10701519.0
9,Albania,ALB,CH4,Total,2011,10535353.0
10,Albania,ALB,CH4,Total,2012,10762588.0
11,Albania,ALB,CH4,Total,2013,10855003.0
12,Albania,ALB,CH4,Total,2014,11107388.0
13,Albania,ALB,CH4,Total,2015,11211608.0
14,Albania,ALB,CH4,Total,2016,11081511.0
15,Albania,ALB,CH4,Total,2017,1099362.0
16,Albania,ALB,CH4,Total,2018,10895069.0
17,Albania,ALB,CH4,Total,2019,10219491.0
18,Albania,ALB,CH4,Total,2020,10446497.0
19,Albania,ALB,CH4,Total,2021,10369044.0
20,Albania,ALB,CO2,Total,2002,282005866666667.0
21,Albania,ALB,CO2,Total,2003,355848566666667.0
22,Albania,ALB,CO2,Total,2004,323625733333333.0
23,Albania,ALB,CO2,Total,2005,446903966666667.0
24,Albania,ALB,CO2,Total,2006,366644833333333.0
25,Albania,ALB,CO2,Total,2007,465734333333333.0
26,Albania,ALB,CO2,Total,2008,554509633333333.0
27,Albania,ALB,CO2,Total,2009,4882872.0
28,Albania,ALB,CO2,Total,2010,4967065.0
29,Albania,ALB,CO2,Total,2011,551008933333333.0
30,Albania,ALB,CO2,Total,2012,519203333333333.0
31,Albania,ALB,CO2,Total,2013,540959933333333.0
32,Albania,ALB,CO2,Total,2014,615843133333333.0
33,Albania,ALB,CO2,Total,2015,498083033333333.0
34,Albania,ALB,CO2,Total,2016,465640366666667.0
35,Albania,ALB,CO2,Total,2017,553972233333333.0
36,Albania,ALB,CO2,Total,2018,4874125.0
37,Albania,ALB,CO2,Total,2019,481313833333333.0
38,Albania,ALB,CO2,Total,2020,4545359.0
39,Albania,ALB,CO2,Total,2021,4399269.0
40,Albania,ALB,N2O,Total,2002,45401609.0
41,Albania,ALB,N2O,Total,2003,45870222.0
42,Albania,ALB,N2O,Total,2004,43842897.0
43,Albania,ALB,N2O,Total,2005,44283268.0
44,Albania,ALB,N2O,Total,2006,42916312.0
45,Albania,ALB,N2O,Total,2007,41930792.0
46,Albania,ALB,N2O,Total,2008,39648766.0
47,Albania,ALB,N2O,Total,2009,39122832.0
48,Albania,ALB,N2O,Total,2010,38867563.0
49,Albania,ALB,N2O,Total,2011,40375832.0
50,Albania,ALB,N2O,Total,2012,40210048.0
51,Albania,ALB,N2O,Total,2013,39383809.0
52,Albania,ALB,N2O,Total,2014,4003087.0
53,Albania,ALB,N2O,Total,2015,4134908.0
54,Albania,ALB,N2O,Total,2016,4237776.0
55,Albania,ALB,N2O,Total,2017,414301.0
56,Albania,ALB,N2O,Total,2018,3763861.0
57,Albania,ALB,N2O,Total,2019,37862697.0
58,Albania,ALB,N2O,Total,2020,38801544.0
59,Albania,ALB,N2O,Total,2021,38591165.0
60,Bosnia and Herzegovina,BIH,CH4,Total,2002,12317741.0
61,Bosnia and Herzegovina,BIH,CH4,Total,2003,13557775.0
62,Bosnia and Herzegovina,BIH,CH4,Total,2004,13860912.0
63,Bosnia and Herzegovina,BIH,CH4,Total,2005,14277142.0
64,Bosnia and Herzegovina,BIH,CH4,Total,2006,15294597.0
65,Bosnia and Herzegovina,BIH,CH4,Total,2007,1477209.0
66,Bosnia and Herzegovina,BIH,CH4,Total,2008,15401508.0
67,Bosnia and Herzegovina,BIH,CH4,Total,2009,1540124.0
68,Bosnia and Herzegovina,BIH,CH4,Total,2010,1513998.0
69,Bosnia and Herzegovina,BIH,CH4,Total,2011,15818247.0
70,Bosnia and Herzegovina,BIH,CH4,Total,2012,15339261.0
71,Bosnia and Herzegovina,BIH,CH4,Total,2013,15132818.0
72,Bosnia and Herzegovina,BIH,CH4,Total,2014,17891623.0
73,Bosnia and Herzegovina,BIH,CH4,Total,2015,18305.0
74,Bosnia and Herzegovina,BIH,CH4,Total,2016,19121986.0
75,Bosnia and Herzegovina,BIH,CH4,Total,2017,19214273.0
76,Bosnia and Herzegovina,BIH,CH4,Total,2018,20398921.0
77,Bosnia and Herzegovina,BIH,CH4,Total,2019,19524192.0
78,Bosnia and Herzegovina,BIH,CH4,Total,2020,19982521.0
79,Bosnia and Herzegovina,BIH,CH4,Total,2021,20382025.0
80,Bosnia and Herzegovina,BIH,CO2,Total,2002,14575641.0
81,Bosnia and Herzegovina,BIH,CO2,Total,2003,145168933333333.0
82,Bosnia and Herzegovina,BIH,CO2,Total,2004,14949494.0
83,Bosnia and Herzegovina,BIH,CO2,Total,2005,15533024.0
84,Bosnia and Herzegovina,BIH,CO2,Total,2006,163731133333333.0
85,Bosnia and Herzegovina,BIH,CO2,Total,2007,166560386666667.0
86,Bosnia and Herzegovina,BIH,CO2,Total,2008,190548623333333.0
87,Bosnia and Herzegovina,BIH,CO2,Total,2009,19914214.0
88,Bosnia and Herzegovina,BIH,CO2,Total,2010,203518373333333.0
89,Bosnia and Herzegovina,BIH,CO2,Total,2011,230162756666667.0
90,Bosnia and Herzegovina,BIH,CO2,Total,2012,216822806666667.0
91,Bosnia and Herzegovina,BIH,CO2,Total,2013,214468623333333.0
92,Bosnia and Herzegovina,BIH,CO2,Total,2014,194339193333333.0
93,Bosnia and Herzegovina,BIH,CO2,Total,2015,19229931.0
94,Bosnia and Herzegovina,BIH,CO2,Total,2016,225975546666667.0
95,Bosnia and Herzegovina,BIH,CO2,Total,2017,227302006666667.0
96,Bosnia and Herzegovina,BIH,CO2,Total,2018,225025026666667.0
97,Bosnia and Herzegovina,BIH,CO2,Total,2019,21176777.0
98,Bosnia and Herzegovina,BIH,CO2,Total,2020,214336956666667.0
99,Bosnia and Herzegovina,BIH,CO2,Total,2021,142136176666667.0
100,Bosnia and Herzegovina,BIH,N2O,Total,2002,31280535.0
101,Bosnia and Herzegovina,BIH,N2O,Total,2003,3001938.0
102,Bosnia and Herzegovina,BIH,N2O,Total,2004,36814682.0
103,Bosnia and Herzegovina,BIH,N2O,Total,2005,35396028.0
104,Bosnia and Herzegovina,BIH,N2O,Total,2006,36114931.0
105,Bosnia and Herzegovina,BIH,N2O,Total,2007,36327853.0
106,Bosnia and Herzegovina,BIH,N2O,Total,2008,34851589.0
107,Bosnia and Herzegovina,BIH,N2O,Total,2009,45634499.0
108,Bosnia and Herzegovina,BIH,N2O,Total,2010,44740075.0
109,Bosnia and Herzegovina,BIH,N2O,Total,2011,49821973.0
110,Bosnia and Herzegovina,BIH,N2O,Total,2012,52353231.0
111,Bosnia and Herzegovina,BIH,N2O,Total,2013,49908323.0
112,Bosnia and Herzegovina,BIH,N2O,Total,2014,5228804.0
113,Bosnia and Herzegovina,BIH,N2O,Total,2015,541367.0
114,Bosnia and Herzegovina,BIH,N2O,Total,2016,502895.0
115,Bosnia and Herzegovina,BIH,N2O,Total,2017,5000904.0
116,Bosnia and Herzegovina,BIH,N2O,Total,2018,4608639.0
117,Bosnia and Herzegovina,BIH,N2O,Total,2019,48578469.0
118,Bosnia and Herzegovina,BIH,N2O,Total,2020,5508806.0
119,Bosnia and Herzegovina,BIH,N2O,Total,2021,5625765.0
120,Bulgaria,BGR,CH4,Total,2002,38301265.0
121,Bulgaria,BGR,CH4,Total,2003,38773129.0
122,Bulgaria,BGR,CH4,Total,2004,38563639.0
123,Bulgaria,BGR,CH4,Total,2005,37879708.0
124,Bulgaria,BGR,CH4,Total,2006,37694276.0
125,Bulgaria,BGR,CH4,Total,2007,37762654.0
126,Bulgaria,BGR,CH4,Total,2008,37028023.0
127,Bulgaria,BGR,CH4,Total,2009,36109357.0
128,Bulgaria,BGR,CH4,Total,2010,35486557.0
129,Bulgaria,BGR,CH4,Total,2011,36270914.0
130,Bulgaria,BGR,CH4,Total,2012,35476844.0
131,Bulgaria,BGR,CH4,Total,2013,3321354.0
132,Bulgaria,BGR,CH4,Total,2014,33264057.0
133,Bulgaria,BGR,CH4,Total,2015,34788566.0
134,Bulgaria,BGR,CH4,Total,2016,34153956.0
135,Bulgaria,BGR,CH4,Total,2017,34699876.0
136,Bulgaria,BGR,CH4,Total,2018,33486598.0
137,Bulgaria,BGR,CH4,Total,2019,32164093.0
138,Bulgaria,BGR,CH4,Total,2020,31632279.0
139,Bulgaria,BGR,CH4,Total,2021,31782411.0
140,Bulgaria,BGR,CO2,Total,2002,397312776666667.0
141,Bulgaria,BGR,CO2,Total,2003,44633355.0
142,Bulgaria,BGR,CO2,Total,2004,42035512.0
143,Bulgaria,BGR,CO2,Total,2005,434118953333333.0
144,Bulgaria,BGR,CO2,Total,2006,43940975.0
145,Bulgaria,BGR,CO2,Total,2007,477256363333333.0
146,Bulgaria,BGR,CO2,Total,2008,458809763333333.0
147,Bulgaria,BGR,CO2,Total,2009,391317136666667.0
148,Bulgaria,BGR,CO2,Total,2010,427048993333333.0
149,Bulgaria,BGR,CO2,Total,2011,49474123.0
150,Bulgaria,BGR,CO2,Total,2012,44711545.0
151,Bulgaria,BGR,CO2,Total,2013,379398286666667.0
152,Bulgaria,BGR,CO2,Total,2014,415778743333333.0
153,Bulgaria,BGR,CO2,Total,2015,442545606666667.0
154,Bulgaria,BGR,CO2,Total,2016,415149766666667.0
155,Bulgaria,BGR,CO2,Total,2017,436737036666667.0
156,Bulgaria,BGR,CO2,Total,2018,39402465.0
157,Bulgaria,BGR,CO2,Total,2019,376269116666667.0
158,Bulgaria,BGR,CO2,Total,2020,322894063333333.0
159,Bulgaria,BGR,CO2,Total,2021,3809013.0
160,Bulgaria,BGR,N2O,Total,2002,14803035.0
161,Bulgaria,BGR,N2O,Total,2003,15205294.0
162,Bulgaria,BGR,N2O,Total,2004,14705906.0
163,Bulgaria,BGR,N2O,Total,2005,13410439.0
164,Bulgaria,BGR,N2O,Total,2006,11325376.0
165,Bulgaria,BGR,N2O,Total,2007,1247509.0
166,Bulgaria,BGR,N2O,Total,2008,1301915.0
167,Bulgaria,BGR,N2O,Total,2009,13100863.0
168,Bulgaria,BGR,N2O,Total,2010,12863375.0
169,Bulgaria,BGR,N2O,Total,2011,15007772.0
170,Bulgaria,BGR,N2O,Total,2012,11832697.0
171,Bulgaria,BGR,N2O,Total,2013,12926848.0
172,Bulgaria,BGR,N2O,Total,2014,13187712.0
173,Bulgaria,BGR,N2O,Total,2015,13789889.0
174,Bulgaria,BGR,N2O,Total,2016,13871393.0
175,Bulgaria,BGR,N2O,Total,2017,14096048.0
176,Bulgaria,BGR,N2O,Total,2018,14164223.0
177,Bulgaria,BGR,N2O,Total,2019,14091193.0
178,Bulgaria,BGR,N2O,Total,2020,13652527.0
179,Bulgaria,BGR,N2O,Total,2021,1441518.0
180,Croatia,HRV,CH4,Total,2002,16331744.0
181,Croatia,HRV,CH4,Total,2003,16960178.0
182,Croatia,HRV,CH4,Total,2004,18119553.0
183,Croatia,HRV,CH4,Total,2005,17664422.0
184,Croatia,HRV,CH4,Total,2006,18973117.0
185,Croatia,HRV,CH4,Total,2007,19925502.0
186,Croatia,HRV,CH4,Total,2008,19148669.0
187,Croatia,HRV,CH4,Total,2009,19752776.0
188,Croatia,HRV,CH4,Total,2010,19136411.0
189,Croatia,HRV,CH4,Total,2011,19071714.0
190,Croatia,HRV,CH4,Total,2012,17799295.0
191,Croatia,HRV,CH4,Total,2013,17534852.0
192,Croatia,HRV,CH4,Total,2014,1725991.0
193,Croatia,HRV,CH4,Total,2015,17823819.0
194,Croatia,HRV,CH4,Total,2016,17557437.0
195,Croatia,HRV,CH4,Total,2017,17317191.0
196,Croatia,HRV,CH4,Total,2018,16447688.0
197,Croatia,HRV,CH4,Total,2019,16099262.0
198,Croatia,HRV,CH4,Total,2020,15695691.0
199,Croatia,HRV,CH4,Total,2021,15771879.0
200,Croatia,HRV,CO2,Total,2002,127416733333333.0
201,Croatia,HRV,CO2,Total,2003,141041143333333.0
202,Croatia,HRV,CO2,Total,2004,145950376666667.0
203,Croatia,HRV,CO2,Total,2005,151243476666667.0
204,Croatia,HRV,CO2,Total,2006,153303726666667.0
205,Croatia,HRV,CO2,Total,2007,191958743333333.0
206,Croatia,HRV,CO2,Total,2008,17695954.0
207,Croatia,HRV,CO2,Total,2009,163328816666667.0
208,Croatia,HRV,CO2,Total,2010,15923323.0
209,Croatia,HRV,CO2,Total,2011,15446738.0
210,Croatia,HRV,CO2,Total,2012,197224963333333.0
211,Croatia,HRV,CO2,Total,2013,166246176666667.0
212,Croatia,HRV,CO2,Total,2014,158739926666667.0
213,Croatia,HRV,CO2,Total,2015,160049183333333.0
214,Croatia,HRV,CO2,Total,2016,15544214.0
215,Croatia,HRV,CO2,Total,2017,161547683333333.0
216,Croatia,HRV,CO2,Total,2018,14976152.0
217,Croatia,HRV,CO2,Total,2019,147674726666667.0
218,Croatia,HRV,CO2,Total,2020,143179413333333.0
219,Croatia,HRV,CO2,Total,2021,149778776666667.0
220,Croatia,HRV,N2O,Total,2002,87915983.0
221,Croatia,HRV,N2O,Total,2003,84649008.0
222,Croatia,HRV,N2O,Total,2004,96444042.0
223,Croatia,HRV,N2O,Total,2005,91060837.0
224,Croatia,HRV,N2O,Total,2006,10547923.0
225,Croatia,HRV,N2O,Total,2007,11145836.0
226,Croatia,HRV,N2O,Total,2008,12317788.0
227,Croatia,HRV,N2O,Total,2009,82579459.0
228,Croatia,HRV,N2O,Total,2010,92781135.0
229,Croatia,HRV,N2O,Total,2011,96693634.0
230,Croatia,HRV,N2O,Total,2012,85318865.0
231,Croatia,HRV,N2O,Total,2013,7968827.0
232,Croatia,HRV,N2O,Total,2014,79300365.0
233,Croatia,HRV,N2O,Total,2015,85857374.0
234,Croatia,HRV,N2O,Total,2016,81592891.0
235,Croatia,HRV,N2O,Total,2017,86592478.0
236,Croatia,HRV,N2O,Total,2018,86603187.0
237,Croatia,HRV,N2O,Total,2019,86565664.0
238,Croatia,HRV,N2O,Total,2020,96141609.0
239,Croatia,HRV,N2O,Total,2021,79409791.0
240,Greece,GRC,CH4,Total,2002,55680889.0
241,Greece,GRC,CH4,Total,2003,56073911.0
242,Greece,GRC,CH4,Total,2004,56892221.0
243,Greece,GRC,CH4,Total,2005,57441076.0
244,Greece,GRC,CH4,Total,2006,57873127.0
245,Greece,GRC,CH4,Total,2007,57734825.0
246,Greece,GRC,CH4,Total,2008,57184653.0
247,Greece,GRC,CH4,Total,2009,55422847.0
248,Greece,GRC,CH4,Total,2010,53691942.0
249,Greece,GRC,CH4,Total,2011,52384031.0
250,Greece,GRC,CH4,Total,2012,51648798.0
251,Greece,GRC,CH4,Total,2013,4938557.0
252,Greece,GRC,CH4,Total,2014,48745666.0
253,Greece,GRC,CH4,Total,2015,48009454.0
254,Greece,GRC,CH4,Total,2016,46603982.0
255,Greece,GRC,CH4,Total,2017,47202255.0
256,Greece,GRC,CH4,Total,2018,45363406.0
257,Greece,GRC,CH4,Total,2019,44852136.0
258,Greece,GRC,CH4,Total,2020,4422335.0
259,Greece,GRC,CH4,Total,2021,42181288.0
260,Greece,GRC,CO2,Total,2002,102667763333333.0
261,Greece,GRC,CO2,Total,2003,105817981333333.0
262,Greece,GRC,CO2,Total,2004,106370877.0
263,Greece,GRC,CO2,Total,2005,110163898333333.0
264,Greece,GRC,CO2,Total,2006,108291438333333.0
265,Greece,GRC,CO2,Total,2007,110185532.0
266,Greece,GRC,CO2,Total,2008,106427094.0
267,Greece,GRC,CO2,Total,2009,100289443.0
268,Greece,GRC,CO2,Total,2010,926886566666667.0
269,Greece,GRC,CO2,Total,2011,898397386666667.0
270,Greece,GRC,CO2,Total,2012,866049623333333.0
271,Greece,GRC,CO2,Total,2013,737379533333333.0
272,Greece,GRC,CO2,Total,2014,71421538.0
273,Greece,GRC,CO2,Total,2015,664149376666667.0
274,Greece,GRC,CO2,Total,2016,61508004.0
275,Greece,GRC,CO2,Total,2017,6454921.0
276,Greece,GRC,CO2,Total,2018,607777766666667.0
277,Greece,GRC,CO2,Total,2019,541902053333333.0
278,Greece,GRC,CO2,Total,2020,43335877.0
279,Greece,GRC,CO2,Total,2021,435097056666667.0
280,Greece,GRC,N2O,Total,2002,2283761.0
281,Greece,GRC,N2O,Total,2003,23038454.0
282,Greece,GRC,N2O,Total,2004,21648488.0
283,Greece,GRC,N2O,Total,2005,21106448.0
284,Greece,GRC,N2O,Total,2006,20041859.0
285,Greece,GRC,N2O,Total,2007,19446685.0
286,Greece,GRC,N2O,Total,2008,19957221.0
287,Greece,GRC,N2O,Total,2009,18195029.0
288,Greece,GRC,N2O,Total,2010,19129013.0
289,Greece,GRC,N2O,Total,2011,20733583.0
290,Greece,GRC,N2O,Total,2012,17453042.0
291,Greece,GRC,N2O,Total,2013,17460262.0
292,Greece,GRC,N2O,Total,2014,16985188.0
293,Greece,GRC,N2O,Total,2015,16513955.0
294,Greece,GRC,N2O,Total,2016,16351043.0
295,Greece,GRC,N2O,Total,2017,16564939.0
296,Greece,GRC,N2O,Total,2018,15868354.0
297,Greece,GRC,N2O,Total,2019,15375792.0
298,Greece,GRC,N2O,Total,2020,15284926.0
299,Greece,GRC,N2O,Total,2021,14817146.0
300,Kosovo,KSV,CO2,Total,2002,0.0
301,Kosovo,KSV,CO2,Total,2003,0.0
302,Kosovo,KSV,CO2,Total,2004,0.0
303,Kosovo,KSV,CO2,Total,2005,0.0
304,Kosovo,KSV,CO2,Total,2006,0.0
305,Kosovo,KSV,CO2,Total,2007,0.0
306,Kosovo,KSV,CO2,Total,2008,7386624.0
307,Kosovo,KSV,CO2,Total,2009,8130416.0
308,Kosovo,KSV,CO2,Total,2010,837224.0
309,Kosovo,KSV,CO2,Total,2011,8313616.0
310,Kosovo,KSV,CO2,Total,2012,7873936.0
311,Kosovo,KSV,CO2,Total,2013,800584.0
312,Kosovo,KSV,CO2,Total,2014,712648.0
313,Kosovo,KSV,CO2,Total,2015,83356.0
314,Kosovo,KSV,CO2,Total,2016,8855888.0
315,Kosovo,KSV,CO2,Total,2017,8093776.0
316,Kosovo,KSV,CO2,Total,2018,8148736.0
317,Kosovo,KSV,CO2,Total,2019,8496816.0
318,Kosovo,KSV,CO2,Total,2020,8521778.0
319,Kosovo,KSV,CO2,Total,2021,5644358.0
320,Montenegro,MNE,CH4,Total,2002,32565254.0
321,Montenegro,MNE,CH4,Total,2003,3128967.0
322,Montenegro,MNE,CH4,Total,2004,30517868.0
323,Montenegro,MNE,CH4,Total,2005,28317066.0
324,Montenegro,MNE,CH4,Total,2006,29307345.0
325,Montenegro,MNE,CH4,Total,2007,30720536.0
326,Montenegro,MNE,CH4,Total,2008,30329458.0
327,Montenegro,MNE,CH4,Total,2009,29913636.0
328,Montenegro,MNE,CH4,Total,2010,3084944.0
329,Montenegro,MNE,CH4,Total,2011,30165913.0
330,Montenegro,MNE,CH4,Total,2012,30429588.0
331,Montenegro,MNE,CH4,Total,2013,31056727.0
332,Montenegro,MNE,CH4,Total,2014,29960732.0
333,Montenegro,MNE,CH4,Total,2015,32852208.0
334,Montenegro,MNE,CH4,Total,2016,33870135.0
335,Montenegro,MNE,CH4,Total,2017,34628275.0
336,Montenegro,MNE,CH4,Total,2018,34673884.0
337,Montenegro,MNE,CH4,Total,2019,33853107.0
338,Montenegro,MNE,CH4,Total,2020,346149.0
339,Montenegro,MNE,CH4,Total,2021,3501752.0
340,Montenegro,MNE,CO2,Total,2002,899102333333333.0
341,Montenegro,MNE,CO2,Total,2003,124188633333333.0
342,Montenegro,MNE,CO2,Total,2004,146725133333333.0
343,Montenegro,MNE,CO2,Total,2005,785982666666667.0
344,Montenegro,MNE,CO2,Total,2006,102469866666667.0
345,Montenegro,MNE,CO2,Total,2007,101737066666667.0
346,Montenegro,MNE,CO2,Total,2008,1615824.0
347,Montenegro,MNE,CO2,Total,2009,545936.0
348,Montenegro,MNE,CO2,Total,2010,127385066666667.0
349,Montenegro,MNE,CO2,Total,2011,133247466666667.0
350,Montenegro,MNE,CO2,Total,2012,857376.0
351,Montenegro,MNE,CO2,Total,2013,795088.0
352,Montenegro,MNE,CO2,Total,2014,60456.0
353,Montenegro,MNE,CO2,Total,2015,650970666666666.0
354,Montenegro,MNE,CO2,Total,2016,341973333333333.0
355,Montenegro,MNE,CO2,Total,2017,784096.0
356,Montenegro,MNE,CO2,Total,2018,165490666666667.0
357,Montenegro,MNE,CO2,Total,2019,212267733333333.0
358,Montenegro,MNE,CO2,Total,2020,2341342.0
359,Montenegro,MNE,CO2,Total,2021,1751386.0
360,Montenegro,MNE,N2O,Total,2002,8225245.0
361,Montenegro,MNE,N2O,Total,2003,81654083.0
362,Montenegro,MNE,N2O,Total,2004,85547021.0
363,Montenegro,MNE,N2O,Total,2005,81360009.0
364,Montenegro,MNE,N2O,Total,2006,80892921.0
365,Montenegro,MNE,N2O,Total,2007,87202518.0
366,Montenegro,MNE,N2O,Total,2008,79057776.0
367,Montenegro,MNE,N2O,Total,2009,76339075.0
368,Montenegro,MNE,N2O,Total,2010,77084751.0
369,Montenegro,MNE,N2O,Total,2011,74548858.0
370,Montenegro,MNE,N2O,Total,2012,7611546.0
371,Montenegro,MNE,N2O,Total,2013,75177923.0
372,Montenegro,MNE,N2O,Total,2014,73834113.0
373,Montenegro,MNE,N2O,Total,2015,79212206.0
374,Montenegro,MNE,N2O,Total,2016,80980624.0
375,Montenegro,MNE,N2O,Total,2017,83080362.0
376,Montenegro,MNE,N2O,Total,2018,81844396.0
377,Montenegro,MNE,N2O,Total,2019,77565282.0
378,Montenegro,MNE,N2O,Total,2020,7764498.0
379,Montenegro,MNE,N2O,Total,2021,77459765.0
380,North Macedonia,MKD,CH4,Total,2002,66800278.0
381,North Macedonia,MKD,CH4,Total,2003,67378432.0
382,North Macedonia,MKD,CH4,Total,2004,68049748.0
383,North Macedonia,MKD,CH4,Total,2005,66541836.0
384,North Macedonia,MKD,CH4,Total,2006,67593162.0
385,North Macedonia,MKD,CH4,Total,2007,67593049.0
386,North Macedonia,MKD,CH4,Total,2008,67619043.0
387,North Macedonia,MKD,CH4,Total,2009,64991991.0
388,North Macedonia,MKD,CH4,Total,2010,68964538.0
389,North Macedonia,MKD,CH4,Total,2011,71309345.0
390,North Macedonia,MKD,CH4,Total,2012,68065121.0
391,North Macedonia,MKD,CH4,Total,2013,66493233.0
392,North Macedonia,MKD,CH4,Total,2014,66835342.0
393,North Macedonia,MKD,CH4,Total,2015,67250051.0
394,North Macedonia,MKD,CH4,Total,2016,66624383.0
395,North Macedonia,MKD,CH4,Total,2017,6777462.0
396,North Macedonia,MKD,CH4,Total,2018,66700914.0
397,North Macedonia,MKD,CH4,Total,2019,63187814.0
398,North Macedonia,MKD,CH4,Total,2020,66351834.0
399,North Macedonia,MKD,CH4,Total,2021,66257815.0
400,North Macedonia,MKD,CO2,Total,2002,102933973333333.0
401,North Macedonia,MKD,CO2,Total,2003,996852266666667.0
402,North Macedonia,MKD,CO2,Total,2004,959113066666667.0
403,North Macedonia,MKD,CO2,Total,2005,955449066666667.0
404,North Macedonia,MKD,CO2,Total,2006,861162133333333.0
405,North Macedonia,MKD,CO2,Total,2007,708739733333333.0
406,North Macedonia,MKD,CO2,Total,2008,6730768.0
407,North Macedonia,MKD,CO2,Total,2009,818904.0
408,North Macedonia,MKD,CO2,Total,2010,719365333333333.0
409,North Macedonia,MKD,CO2,Total,2011,110897066666667.0
410,North Macedonia,MKD,CO2,Total,2012,907694933333333.0
411,North Macedonia,MKD,CO2,Total,2013,741715733333333.0
412,North Macedonia,MKD,CO2,Total,2014,6910304.0
413,North Macedonia,MKD,CO2,Total,2015,642177066666667.0
414,North Macedonia,MKD,CO2,Total,2016,609567466666667.0
415,North Macedonia,MKD,CO2,Total,2017,646573866666667.0
416,North Macedonia,MKD,CO2,Total,2018,5895376.0
417,North Macedonia,MKD,CO2,Total,2019,683458133333333.0
418,North Macedonia,MKD,CO2,Total,2020,5477022.0
419,North Macedonia,MKD,CO2,Total,2021,565464533333333.0
420,North Macedonia,MKD,N2O,Total,2002,19083257.0
421,North Macedonia,MKD,N2O,Total,2003,19568664.0
422,North Macedonia,MKD,N2O,Total,2004,21149872.0
423,North Macedonia,MKD,N2O,Total,2005,208649.0
424,North Macedonia,MKD,N2O,Total,2006,2081288.0
425,North Macedonia,MKD,N2O,Total,2007,2075664.0
426,North Macedonia,MKD,N2O,Total,2008,19961848.0
427,North Macedonia,MKD,N2O,Total,2009,19331854.0
428,North Macedonia,MKD,N2O,Total,2010,19863468.0
429,North Macedonia,MKD,N2O,Total,2011,20195332.0
430,North Macedonia,MKD,N2O,Total,2012,19003254.0
431,North Macedonia,MKD,N2O,Total,2013,19433248.0
432,North Macedonia,MKD,N2O,Total,2014,19781318.0
433,North Macedonia,MKD,N2O,Total,2015,19568678.0
434,North Macedonia,MKD,N2O,Total,2016,2061753.0
435,North Macedonia,MKD,N2O,Total,2017,20292014.0
436,North Macedonia,MKD,N2O,Total,2018,19487116.0
437,North Macedonia,MKD,N2O,Total,2019,18815762.0
438,North Macedonia,MKD,N2O,Total,2020,19292555.0
439,North Macedonia,MKD,N2O,Total,2021,19214665.0
440,Romania,ROU,CH4,Total,2002,90059186.0
441,Romania,ROU,CH4,Total,2003,91773938.0
442,Romania,ROU,CH4,Total,2004,92860948.0
443,Romania,ROU,CH4,Total,2005,89641635.0
444,Romania,ROU,CH4,Total,2006,91126805.0
445,Romania,ROU,CH4,Total,2007,92171753.0
446,Romania,ROU,CH4,Total,2008,91668159.0
447,Romania,ROU,CH4,Total,2009,88771195.0
448,Romania,ROU,CH4,Total,2010,87810456.0
449,Romania,ROU,CH4,Total,2011,8333285.0
450,Romania,ROU,CH4,Total,2012,83916744.0
451,Romania,ROU,CH4,Total,2013,82498581.0
452,Romania,ROU,CH4,Total,2014,84950917.0
453,Romania,ROU,CH4,Total,2015,8599372.0
454,Romania,ROU,CH4,Total,2016,8461327.0
455,Romania,ROU,CH4,Total,2017,84869514.0
456,Romania,ROU,CH4,Total,2018,83589274.0
457,Romania,ROU,CH4,Total,2019,83722347.0
458,Romania,ROU,CH4,Total,2020,82762551.0
459,Romania,ROU,CH4,Total,2021,81306075.0
460,Romania,ROU,CO2,Total,2002,93483724.0
461,Romania,ROU,CO2,Total,2003,930857786666667.0
462,Romania,ROU,CO2,Total,2004,93865621.0
463,Romania,ROU,CO2,Total,2005,892253673333333.0
464,Romania,ROU,CO2,Total,2006,883899503333333.0
465,Romania,ROU,CO2,Total,2007,938047076666667.0
466,Romania,ROU,CO2,Total,2008,920263056666667.0
467,Romania,ROU,CO2,Total,2009,856589803333333.0
468,Romania,ROU,CO2,Total,2010,779397473333333.0
469,Romania,ROU,CO2,Total,2011,842921303333333.0
470,Romania,ROU,CO2,Total,2012,841692193333333.0
471,Romania,ROU,CO2,Total,2013,69439756.0
472,Romania,ROU,CO2,Total,2014,670340143333333.0
473,Romania,ROU,CO2,Total,2015,63706665.0
474,Romania,ROU,CO2,Total,2016,622700386666667.0
475,Romania,ROU,CO2,Total,2017,651793153333333.0
476,Romania,ROU,CO2,Total,2018,684738673333333.0
477,Romania,ROU,CO2,Total,2019,659531226666667.0
478,Romania,ROU,CO2,Total,2020,643307023333333.0
479,Romania,ROU,CO2,Total,2021,698615266666667.0
480,Romania,ROU,N2O,Total,2002,31963118.0
481,Romania,ROU,N2O,Total,2003,34024627.0
482,Romania,ROU,N2O,Total,2004,37527504.0
483,Romania,ROU,N2O,Total,2005,37748831.0
484,Romania,ROU,N2O,Total,2006,34438564.0
485,Romania,ROU,N2O,Total,2007,34812915.0
486,Romania,ROU,N2O,Total,2008,36261364.0
487,Romania,ROU,N2O,Total,2009,3301157.0
488,Romania,ROU,N2O,Total,2010,3718552.0
489,Romania,ROU,N2O,Total,2011,37065761.0
490,Romania,ROU,N2O,Total,2012,34323389.0
491,Romania,ROU,N2O,Total,2013,36275322.0
492,Romania,ROU,N2O,Total,2014,36089843.0
493,Romania,ROU,N2O,Total,2015,34715606.0
494,Romania,ROU,N2O,Total,2016,36456197.0
495,Romania,ROU,N2O,Total,2017,37196213.0
496,Romania,ROU,N2O,Total,2018,37031103.0
497,Romania,ROU,N2O,Total,2019,32567826.0
498,Romania,ROU,N2O,Total,2020,301391.0
499,Romania,ROU,N2O,Total,2021,3436422.0
500,Serbia,SRB,CH4,Total,2002,36859711.0
501,Serbia,SRB,CH4,Total,2003,36569786.0
502,Serbia,SRB,CH4,Total,2004,35508134.0
503,Serbia,SRB,CH4,Total,2005,3321511.0
504,Serbia,SRB,CH4,Total,2006,33855083.0
505,Serbia,SRB,CH4,Total,2007,34027896.0
506,Serbia,SRB,CH4,Total,2008,34265398.0
507,Serbia,SRB,CH4,Total,2009,33950357.0
508,Serbia,SRB,CH4,Total,2010,34025603.0
509,Serbia,SRB,CH4,Total,2011,34643694.0
510,Serbia,SRB,CH4,Total,2012,34738654.0
511,Serbia,SRB,CH4,Total,2013,35357334.0
512,Serbia,SRB,CH4,Total,2014,33429074.0
513,Serbia,SRB,CH4,Total,2015,35143418.0
514,Serbia,SRB,CH4,Total,2016,3549464.0
515,Serbia,SRB,CH4,Total,2017,35323999.0
516,Serbia,SRB,CH4,Total,2018,3525854.0
517,Serbia,SRB,CH4,Total,2019,36038401.0
518,Serbia,SRB,CH4,Total,2020,35680853.0
519,Serbia,SRB,CH4,Total,2021,35811565.0
520,Serbia,SRB,CO2,Total,2002,44938505.0
521,Serbia,SRB,CO2,Total,2003,492039123333333.0
522,Serbia,SRB,CO2,Total,2004,539135133333333.0
523,Serbia,SRB,CO2,Total,2005,43390114.0
524,Serbia,SRB,CO2,Total,2006,525088236666667.0
525,Serbia,SRB,CO2,Total,2007,510783376666667.0
526,Serbia,SRB,CO2,Total,2008,433021226666667.0
527,Serbia,SRB,CO2,Total,2009,37870934.0
528,Serbia,SRB,CO2,Total,2010,38331786.0
529,Serbia,SRB,CO2,Total,2011,423130266666667.0
530,Serbia,SRB,CO2,Total,2012,363184533333333.0
531,Serbia,SRB,CO2,Total,2013,373754676666667.0
532,Serbia,SRB,CO2,Total,2014,298677646666667.0
533,Serbia,SRB,CO2,Total,2015,365349103333333.0
534,Serbia,SRB,CO2,Total,2016,38004938.0
535,Serbia,SRB,CO2,Total,2017,385435243333333.0
536,Serbia,SRB,CO2,Total,2018,37395396.0
537,Serbia,SRB,CO2,Total,2019,37602739.0
538,Serbia,SRB,CO2,Total,2020,379661693333333.0
539,Serbia,SRB,CO2,Total,2021,244814126666667.0
540,Serbia,SRB,N2O,Total,2002,14971104.0
541,Serbia,SRB,N2O,Total,2003,14235515.0
542,Serbia,SRB,N2O,Total,2004,1808529.0
543,Serbia,SRB,N2O,Total,2005,17034616.0
544,Serbia,SRB,N2O,Total,2006,15798807.0
545,Serbia,SRB,N2O,Total,2007,17326161.0
546,Serbia,SRB,N2O,Total,2008,15412034.0
547,Serbia,SRB,N2O,Total,2009,17555957.0
548,Serbia,SRB,N2O,Total,2010,14872455.0
549,Serbia,SRB,N2O,Total,2011,15367412.0
550,Serbia,SRB,N2O,Total,2012,17138312.0
551,Serbia,SRB,N2O,Total,2013,172794.0
552,Serbia,SRB,N2O,Total,2014,14588771.0
553,Serbia,SRB,N2O,Total,2015,14055423.0
554,Serbia,SRB,N2O,Total,2016,15367418.0
555,Serbia,SRB,N2O,Total,2017,14268068.0
556,Serbia,SRB,N2O,Total,2018,12665098.0
557,Serbia,SRB,N2O,Total,2019,13991337.0
558,Serbia,SRB,N2O,Total,2020,13629524.0
559,Serbia,SRB,N2O,Total,2021,13392029.0
560,Slovenia,SVN,CH4,Total,2002,14638941.0
561,Slovenia,SVN,CH4,Total,2003,14256896.0
562,Slovenia,SVN,CH4,Total,2004,14031763.0
563,Slovenia,SVN,CH4,Total,2005,14680157.0
564,Slovenia,SVN,CH4,Total,2006,14856253.0
565,Slovenia,SVN,CH4,Total,2007,14171328.0
566,Slovenia,SVN,CH4,Total,2008,14360028.0
567,Slovenia,SVN,CH4,Total,2009,1418133.0
568,Slovenia,SVN,CH4,Total,2010,13531415.0
569,Slovenia,SVN,CH4,Total,2011,13254666.0
570,Slovenia,SVN,CH4,Total,2012,13025416.0
571,Slovenia,SVN,CH4,Total,2013,12639602.0
572,Slovenia,SVN,CH4,Total,2014,1169325.0
573,Slovenia,SVN,CH4,Total,2015,12111614.0
574,Slovenia,SVN,CH4,Total,2016,12388395.0
575,Slovenia,SVN,CH4,Total,2017,12369784.0
576,Slovenia,SVN,CH4,Total,2018,11956496.0
577,Slovenia,SVN,CH4,Total,2019,11849552.0
578,Slovenia,SVN,CH4,Total,2020,11732344.0
579,Slovenia,SVN,CH4,Total,2021,11166569.0
580,Slovenia,SVN,CO2,Total,2002,162957956666667.0
581,Slovenia,SVN,CO2,Total,2003,16161411.0
582,Slovenia,SVN,CO2,Total,2004,166556486666667.0
583,Slovenia,SVN,CO2,Total,2005,168468286666667.0
584,Slovenia,SVN,CO2,Total,2006,173493106666667.0
585,Slovenia,SVN,CO2,Total,2007,202495853333333.0
586,Slovenia,SVN,CO2,Total,2008,201348356666667.0
587,Slovenia,SVN,CO2,Total,2009,181581573333333.0
588,Slovenia,SVN,CO2,Total,2010,18877762.0
589,Slovenia,SVN,CO2,Total,2011,184592723333333.0
590,Slovenia,SVN,CO2,Total,2012,17958911.0
591,Slovenia,SVN,CO2,Total,2013,17185162.0
592,Slovenia,SVN,CO2,Total,2014,154490233333333.0
593,Slovenia,SVN,CO2,Total,2015,156807203333333.0
594,Slovenia,SVN,CO2,Total,2016,16516424.0
595,Slovenia,SVN,CO2,Total,2017,164784516666667.0
596,Slovenia,SVN,CO2,Total,2018,161266586666667.0
597,Slovenia,SVN,CO2,Total,2019,154648886666667.0
598,Slovenia,SVN,CO2,Total,2020,14295197.0
599,Slovenia,SVN,CO2,Total,2021,1372181.0
600,Slovenia,SVN,N2O,Total,2002,3094082.0
601,Slovenia,SVN,N2O,Total,2003,31082034.0
602,Slovenia,SVN,N2O,Total,2004,29712849.0
603,Slovenia,SVN,N2O,Total,2005,29213607.0
604,Slovenia,SVN,N2O,Total,2006,29249903.0
605,Slovenia,SVN,N2O,Total,2007,29328209.0
606,Slovenia,SVN,N2O,Total,2008,29712471.0
607,Slovenia,SVN,N2O,Total,2009,28980824.0
608,Slovenia,SVN,N2O,Total,2010,29359318.0
609,Slovenia,SVN,N2O,Total,2011,29304811.0
610,Slovenia,SVN,N2O,Total,2012,28725563.0
611,Slovenia,SVN,N2O,Total,2013,28504012.0
612,Slovenia,SVN,N2O,Total,2014,28738175.0
613,Slovenia,SVN,N2O,Total,2015,28747925.0
614,Slovenia,SVN,N2O,Total,2016,29075852.0
615,Slovenia,SVN,N2O,Total,2017,28909793.0
616,Slovenia,SVN,N2O,Total,2018,28615829.0
617,Slovenia,SVN,N2O,Total,2019,31127229.0
618,Slovenia,SVN,N2O,Total,2020,30818697.0
619,Slovenia,SVN,N2O,Total,2021,29689849.0
